Title,Abstract
"Platform Revolution: How Networked Markets Are Transforming the Economyâ€”and How to Make Them Work for You"" by Geoffrey G. Parker, Marshall W. Van Alstyne, and Sangeet Paul Choudary","In the digital age, we find ourselves living in a world increasingly dominated by platforms. Whether it's hailing a ride with Uber, booking a stay through Airbnb, or purchasing goods on Amazon, platforms have become an integral part of our daily lives. But what exactly are platforms, and how have they revolutionized the way we do business and interact with one another? ""Platform Revolution"" by Geoffrey G. Parker, Marshall W. Van Alstyne, and Sangeet Paul Choudary offers a comprehensive exploration of these questions, providing a deep dive into the transformational power of networked markets and the strategies necessary to succeed in this new economic landscape.

At its core, this book seeks to demystify the phenomenon of platform businesses, shedding light on the underlying principles that drive their success. In the following 1000 words, we will explore the key themes and insights from ""Platform Revolution,"" giving you a thorough understanding of the book's core concepts and how they apply to our rapidly changing world.

Understanding Platforms:

To comprehend the impact of platforms, it's essential to grasp what defines them. Platforms are digital or physical infrastructures that facilitate interactions between two or more distinct groups of users. These interactions create value for all parties involved, and the platform orchestrates these exchanges. Importantly, platforms operate as intermediaries, connecting producers and consumers in innovative ways that often disrupt traditional business models.

Consider the example of Uber. The platform connects riders (consumers) with drivers (producers) via a smartphone app. Uber doesn't own a fleet of cars or employ drivers directly; instead, it provides the infrastructure and rules that enable these interactions. This not only makes it possible for people to easily access transportation but also opens up income opportunities for drivers. Uber's platform is a classic example of a multisided platform, bringing together different user groups for mutual benefit.

The Power of Network Effects:

One of the defining features of successful platforms is their ability to leverage network effects. Network effects occur when the value of a platform increases as more users join and engage with it. In essence, the more people who use a platform, the more valuable it becomes to all users.

""Platform Revolution"" delves deep into network effects, explaining how they drive growth and competitive advantage. As more riders join Uber, for instance, it becomes easier for drivers to find fares, leading to shorter waiting times for passengers. This, in turn, attracts even more riders, creating a virtuous cycle. Similarly, as more sellers and buyers join eBay, the platform's marketplace becomes more attractive, fostering increased engagement.

Understanding network effects is critical for platform owners, as they can lead to winner-takes-all dynamics. Platforms that achieve critical mass and dominate their market tend to maintain their leadership position. This is why we see a few major players like Facebook, Google, and Amazon dominating their respective domains.

Platform Strategies and Business Models:

""Platform Revolution"" goes beyond the theoretical and explores the practical strategies and business models that underpin successful platforms. The authors discuss various types of platforms, including innovation platforms (e.g., Apple's iOS ecosystem), transaction platforms (e.g., eBay), and data platforms (e.g., Google). Each type requires a unique approach to create and capture value.

For instance, innovation platforms require attracting and nurturing a thriving developer community to create complementary products and services. Apple's App Store is a prime example of how an innovation platform can cultivate an ecosystem of third-party developers, enhancing the value of its core product, the iPhone.

Transaction platforms need to focus on building trust among users to facilitate transactions. PayPal's success is rooted in its ability to provide secure and seamless payment solutions for both buyers and sellers.

Data platforms, like Google, thrive on collecting and analyzing vast amounts of data to deliver personalized services and targeted advertising. They create value by offering relevant recommendations and advertising, all while maintaining user privacy and security.

Challenges and Risks:

While platforms offer immense opportunities, they also come with challenges and risks. One of the key challenges is managing the delicate balance between enabling network effects and ensuring fairness among participants. Platforms must establish rules and policies that foster trust and prevent abuse while avoiding monopolistic behavior that stifles competition.

Additionally, platforms face regulatory scrutiny in various parts of the world. Concerns about data privacy, antitrust issues, and labor rights have prompted governments to examine the operations of platform companies closely. ""Platform Revolution"" provides insights into how platforms can navigate these regulatory challenges while continuing to innovate and grow.

Platform Design and Governance:

The authors emphasize that successful platform design and governance are essential for long-term viability. They discuss the importance of setting the right rules and incentives to encourage positive behaviors within the ecosystem. Platform owners must strike a balance between openness and control, fostering innovation while maintaining a safe and fair environment.

The book also highlights the role of data in platform governance. Platforms can harness user data to improve services, enhance user experiences, and personalize offerings. However, data management must be done responsibly and ethically, with a focus on user consent and privacy.

Platform Revolution in Various Industries:

""Platform Revolution"" provides numerous real-world examples of how platforms have disrupted various industries. From transportation (Uber, Lyft) to hospitality (Airbnb) to e-commerce (Amazon, Alibaba), the book illustrates how platforms have transformed the way business is conducted and how consumers access services. The authors also discuss the potential for platforms to reshape sectors like healthcare, education, and manufacturing.

The Roadmap for Platform Success:

In the final sections of the book, the authors offer a roadmap for those looking to build or participate in platform businesses. They emphasize the importance of creating a strong ecosystem, building trust, and continuously innovating to stay competitive. Whether you're a startup founder, an established business executive, or a policymaker, ""Platform Revolution"" provides valuable insights and actionable strategies to thrive in the platform-driven economy.

Conclusion:

In a world where platforms reign supreme, ""Platform Revolution"" serves as an indispensable guide to understanding, navigating, and succeeding in this new economic landscape. Geoffrey G. Parker, Marshall W. Van Alstyne, and Sangeet Paul Choudary offer a comprehensive exploration of the principles, strategies, and challenges associated with platform businesses. Whether you're an entrepreneur looking to disrupt an industry or a consumer curious about the forces shaping your daily life, this book provides the knowledge and insights needed to make sense of the platform revolution. With its in-depth analysis and practical guidance, ""Platform Revolution"" is a must-read for anyone interested in the present and future of business and technology.

In conclusion, ""Platform Revolution"" is not just a book about business; it's a roadmap to understanding and thriving in a rapidly changing world where platforms are redefining the rules of the game."
